RR,water_feed(kmol/hr),methanol_feed(kmol/hr),glycerol_feed(kmol/hr),temperature(degC),pressure(Pa),utility_cost(USD/hr),total_purchase_cost(USD)
2.2,5,40,40,80,178325,60.72219409444035,164293.14422315653
2.1,8,70,70,44,152325,105.86567479346064,170101.7164604328
1.9,15,130,130,64,165325,190.8377664868415,188880.05040525066
2.8,14,125,125,62,194325,286.81804452676727,191132.43737431295
6.7,7,65,65,42,184325,210.9827346831329,183632.45435314445
1.5,11,95,95,80,150325,128.49419838154085,176293.63886784547
1.6,9,80,80,56,178325,115.53439593781738,173455.82346666558
1.9,7,60,60,80,159325,86.08384042547863,166466.52260915548
1.4,17,145,145,48,195325,208.80991590456094,199758.49578123403
2.9,13,110,110,48,149325,180.43274433663314,191520.52900091096
1.9,15,130,130,82,163325,186.81965767935498,189070.70611719182
1.4,5,40,40,84,168325,54.07108135645644,168981.85576889385
4.2,16,140,140,76,141325,251.710667887972,220081.42577476558
3.0,5,45,45,44,124325,72.25428608620017,159121.94797248536
1.6,10,90,90,80,125325,119.82638896681331,171670.1602621873
2.6,7,60,60,54,160325,95.89396548633009,164434.42391856402
1.9,16,140,140,44,166325,209.8398003390944,193179.07540003146
1.4,11,95,95,76,166325,129.44817468241538,176000.96103994298
4.5,15,135,135,78,164325,255.86734302125848,221765.6250762072
5.6,6,55,55,68,110325,106.20404063776014,170638.8012580719
6.8,6,55,55,72,101325,113.80698002101208,180542.08155322552
2.7,7,65,65,64,166325,104.33329810839224,166398.47884400855
6.8,16,140,140,56,189325,336.7006288593072,262715.28036688385
6.2,15,130,130,60,170325,291.5810969627031,242565.86600103584
2.4,4,35,35,58,110325,51.247445954213156,162487.85715255828
4.6,9,75,75,78,139325,139.93785398224648,184207.08762315375
2.6,9,75,75,54,174325,121.71708660740775,169271.81849382745
6.5,14,125,125,42,179325,292.0139690269742,243774.45468855932
2.8,11,95,95,44,195325,221.89981632794021,175991.5808733529
6.1,7,65,65,44,134325,137.77291468752273,182068.8050063193
1.5,12,105,105,78,170325,145.1363260201628,182303.06882535087
2.9,13,110,110,84,193325,182.7085555764596,191711.41922615588
1.3,17,145,145,72,199325,276.4905448901763,190038.3794208576
6.1,10,90,90,76,176325,198.77052259302457,210236.08786891517
2.4,7,65,65,42,178325,104.28684534851881,165926.30506421017
4.3,15,130,130,58,113325,229.79118332311438,219483.23249408818
4.9,10,90,90,76,124325,167.48957308979305,198927.185656073
3.4,8,70,70,52,198325,173.2941411276776,170291.73594871812
4.8,7,60,60,70,147325,115.61256595932647,171681.6786677582
4.4,4,35,35,46,103325,61.861828777967794,162373.61163325384
5.9,15,135,135,42,189325,416.093785001898,228507.53209921287
2.2,10,85,85,60,105325,120.86741623043655,174039.92250599762
2.5,7,65,65,68,171325,102.23517213788323,165943.84750106244
1.3,5,45,45,64,167325,61.44479383298307,174703.60118763358
5.1,15,135,135,60,134325,262.60549675921555,229458.61681308542
5.7,15,135,135,82,148325,277.2235869907601,240890.67556976707
5.2,17,145,145,78,184325,301.04320200466105,240516.62258018777
5.2,5,45,45,78,149325,89.0047939106627,164754.31809969756
3.1,12,105,105,40,193325,253.33619311856347,185031.2525441734
4.1,10,90,90,40,145325,165.35810789971796,186480.40751170227
1.5,16,140,140,44,195325,281.40248251205117,188547.9681191222
4.0,9,80,80,74,133325,139.6524898614462,180894.16724681226
2.3,5,40,40,48,120325,59.57117100465162,161485.84871417153
4.4,9,80,80,74,117325,141.35973102313883,186067.5065765769
5.8,4,35,35,40,194325,108.06213874519116,158639.95304762325
2.9,7,60,60,50,173325,100.73278852747228,165865.52638129465
1.4,14,120,120,84,169325,162.41912096781152,183284.66502762403
2.1,7,60,60,64,148325,88.63937843413115,168453.70682383375
5.4,9,75,75,58,197325,163.20059166575305,191446.46505803923
2.4,15,135,135,52,147325,208.11117100754907,196592.27902099988
4.2,9,75,75,72,112325,130.17504456237356,183713.20695503216
4.7,10,90,90,58,113325,163.9832476484828,197442.14430180963
6.7,7,65,65,64,145325,144.7369125051717,187104.79011317427
6.7,15,135,135,44,199325,446.9065776153313,237676.1741550157
5.9,8,70,70,66,165325,151.58818604917528,189853.13456177962
4.6,9,80,80,68,188325,158.58178920423487,187337.28229124716
2.7,7,60,60,66,156325,95.45624560372477,164754.14425955727
1.5,7,65,65,70,127325,86.70174277141659,171195.9775044457
1.7,14,125,125,46,121325,174.07400172672766,185886.57076708716
2.2,12,105,105,76,155325,156.0601900689748,178781.22246113874
2.4,14,125,125,58,125325,186.63252085360168,192820.78177684467
2.3,10,90,90,54,178325,141.40150713147202,172911.07694073967
2.8,7,60,60,74,183325,98.48954166396136,166133.7347318835
1.8,15,135,135,66,115325,184.63415765868822,192829.45649727102
2.5,17,145,145,40,104325,216.70841519885553,202530.41063596046
6.9,9,80,80,44,148325,184.87780718060222,202972.6199163088
5.4,14,120,120,76,167325,248.80211498687123,224237.6992710829
4.0,16,140,140,86,196325,357.30509113398796,209710.66957051327
6.1,11,95,95,60,151325,206.3733641668925,215076.36119675374
5.5,10,90,90,74,124325,176.33648332418588,199112.2921470147
3.8,15,130,130,48,135325,228.68928113289107,210110.32812660697
5.2,9,75,75,66,197325,159.537533337598,189582.76581868238
2.4,10,85,85,68,143325,128.7178325383071,172802.45488714532
4.1,11,100,100,64,114325,172.22389745814715,196809.14889901294
3.2,5,40,40,46,126325,66.10418024551275,158654.0591693788
3.1,11,100,100,74,189325,233.0970128113959,182400.7962795369
4.7,6,50,50,60,111325,91.45147677314043,170130.25343049987
5.3,15,135,135,50,157325,277.4908302335499,231972.9593531668
6.1,5,45,45,64,120325,92.45536902204488,165890.45104472365
3.0,8,70,70,40,141325,115.48691906841486,166379.76242260268
1.1,7,60,60,84,108325,73.18727904841025,191944.00826997773
5.2,10,90,90,82,170325,182.32162883044083,199978.00478671896
2.7,14,125,125,46,160325,203.01214834904698,194694.86396194878
3.7,6,50,50,50,187325,92.56916694243458,161754.73163007
1.7,12,105,105,78,157325,146.9827852707554,180127.73132635764
5.3,3,30,30,72,172325,83.66004649912246,158116.8079588184
5.0,4,35,35,68,180325,71.40434601049192,160622.681611091
4.8,5,45,45,60,158325,88.14838525863678,162850.0784468536
6.4,9,80,80,44,186325,186.85753933098587,205082.10701980637
6.7,8,70,70,46,168325,163.89589436427843,196708.00393240602
4.0,9,80,80,76,180325,147.68664759136192,179985.42434378748
5.3,11,95,95,44,184325,203.2666779677516,205302.2255677269
1.2,9,75,75,86,145325,96.34294240430646,182851.35628934734
3.1,15,130,130,50,174325,222.98457813637344,204048.00856382036
6.6,16,140,140,68,115325,296.46541287995956,251630.91221774227
3.4,14,125,125,42,101325,201.7918062937191,206478.13479029582
6.9,3,30,30,72,197325,97.59892577978218,158536.57596480116
5.6,14,120,120,48,171325,258.9982094603633,226408.27160229997
1.3,17,145,145,60,110325,187.32250740791198,199946.62277907258
5.9,4,35,35,62,133325,72.69787871590405,158271.38927974834
3.3,7,60,60,52,119325,98.16954446264856,164793.99164822357
5.2,16,140,140,50,198325,410.3897245362121,223115.08448264052
5.5,7,60,60,58,141325,122.75892060328319,178867.5407213174
2.0,13,115,115,48,177325,175.47725386018138,183707.14701657902
6.7,9,75,75,62,199325,181.42925269816016,205335.3066899256
3.7,16,140,140,86,141325,237.86328328372414,214601.59151649245
1.6,9,80,80,48,191325,161.62628656016426,169410.58600235512
6.5,15,135,135,70,130325,289.6020335040386,244386.15713070388
2.2,15,135,135,44,106325,194.90888842079295,197721.5226757588
6.3,15,135,135,66,179325,305.9206729562504,249191.62887064638
4.8,5,45,45,68,121325,83.15035317316469,164710.5773774664
3.5,9,75,75,40,128325,128.25880849631116,172502.07262948895
2.2,10,90,90,50,199325,196.10620098672004,171432.2706540708
3.7,17,145,145,86,187325,260.2801538275263,217459.6643535555
5.2,10,90,90,54,122325,174.0108069495985,195822.94371240554
1.8,14,125,125,76,112325,168.38198639149638,188731.38468178577
3.4,11,95,95,78,101325,148.8248429526116,189081.2488560504
2.4,11,100,100,70,178325,156.44075244997103,178119.4692261182
6.6,13,110,110,42,127325,242.84998857967815,226865.38169599493
4.0,14,120,120,86,162325,215.91790936442578,205546.98982752394
6.9,15,135,135,54,183325,324.02743366211104,259029.1294479539
4.3,15,135,135,42,135325,248.78187443588564,219748.95376194926
6.0,14,125,125,84,122325,252.48497109758185,231758.70913839506
3.1,11,95,95,42,194325,229.2037236148458,179616.7784176938
3.8,15,135,135,80,194325,338.13823995864664,204083.89840255392
3.0,5,40,40,74,133325,63.700951860579295,158163.09790452846
6.9,15,135,135,44,123325,299.42403934867576,249409.95114322018
2.3,10,90,90,68,152325,135.8473508592544,172083.16665868714
5.9,15,130,130,52,103325,258.4269164761577,239335.56474609673
3.7,17,145,145,68,125325,245.3785097619095,218277.45783984114
4.1,12,105,105,52,124325,186.1924635811544,199489.1268461156
1.5,7,65,65,80,147325,87.62073797848839,170090.34400733205
6.0,8,70,70,48,121325,145.05051394742054,187196.48392753972
1.4,10,90,90,78,117325,116.11317319014391,174410.7324392504
1.9,7,65,65,40,113325,92.06013347424265,163494.66553185572
6.6,10,90,90,44,149325,203.38274890360918,208897.0638077966
5.0,11,100,100,74,125325,188.05193212303053,206567.4048722716
5.0,9,80,80,48,167325,162.75735295657933,189123.01277519958
4.7,10,85,85,78,136325,159.0396811630031,192947.5771032386
2.3,15,130,130,68,194325,280.7234802821131,191378.41334874486
6.4,8,70,70,50,137325,153.1995271654813,189791.08719094435
4.8,13,110,110,60,183325,223.1365832089071,210325.11645096506
6.8,3,30,30,52,116325,63.79801276628836,157922.45839535355
5.5,10,85,85,76,162325,176.81078113967592,199112.13833261188
2.6,11,100,100,50,105325,149.20441260583627,180217.22100581913
4.6,17,145,145,72,191325,288.52930416193385,232320.6809930166
6.9,7,60,60,84,136325,133.66342012510097,184811.4844224507
6.0,9,80,80,56,177325,177.97324262218447,200015.1927640913
4.0,15,130,130,74,114325,221.032065940544,215304.4522838807
3.6,4,35,35,56,135325,59.97269718270545,158239.28492561233
5.2,17,145,145,50,193325,309.7494335025599,241562.94517827305
1.2,8,70,70,80,134325,89.60641993066545,182251.26121569527
3.9,9,75,75,60,133325,131.9772847159902,176571.3069217992
6.7,4,35,35,58,106325,73.86429997937037,161733.53833593905
2.7,17,145,145,62,133325,225.4584617828238,207508.54518867374
6.2,14,120,120,72,174325,268.8062396961892,235658.12537562315
6.3,12,105,105,72,158325,231.74018336189616,223768.9273065574
6.7,6,55,55,68,110325,115.37762277608682,178683.57598106968
1.1,16,140,140,76,171325,184.2012123735678,205796.2667515232
3.7,7,65,65,82,104325,104.2198998718258,170299.91584404974
4.3,7,60,60,48,112325,106.84663881323027,171204.54857493192
4.0,8,70,70,86,149325,123.74608717717403,171997.8964688854
5.1,9,75,75,68,179325,154.9344580928944,186915.68381392787
6.5,17,145,145,70,164325,329.1070197075595,257753.88180478406
4.3,11,100,100,82,199325,263.59529758328637,188503.4454151952
5.5,11,95,95,74,121325,186.19877711032072,203783.88544160803
6.7,6,55,55,56,178325,128.81308678580885,182085.59366162933
2.3,7,65,65,50,193325,142.38996735246076,166282.79029305416
6.5,7,60,60,58,120325,128.45211804807886,182217.68634549325
5.5,10,85,85,76,140325,171.65978583434097,201126.3783001386
2.5,5,45,45,46,158325,71.36422229673622,161303.19660569556
1.5,10,90,90,86,130325,118.22203076713312,175045.77261756413
2.5,11,95,95,62,194325,211.12034617738396,172789.52153185525
2.7,10,90,90,62,191325,203.6487559614106,172663.1929415549
1.4,6,55,55,58,149325,75.25587826465187,173846.01398378797
1.4,17,145,145,60,182325,204.00877282631558,193353.0983537042
4.3,15,135,135,60,109325,235.6903341576707,222619.71871317137
1.4,4,35,35,64,171325,48.569328444485535,168693.83389260777
6.4,3,30,30,44,130325,63.860640073350936,154924.66821286356
5.9,8,70,70,76,130325,143.34040496949737,186210.7864153614
6.8,7,60,60,74,154325,137.0863821030366,183695.396473796
3.6,10,90,90,74,139325,152.30748476430557,183010.33833182734
4.7,16,140,140,54,138325,266.72939287558216,227047.18954048815
3.1,10,90,90,82,171325,149.28641499556892,181250.09473296904
5.0,6,50,50,64,133325,96.86404331353882,169082.3244067522
1.7,16,140,140,70,121325,189.99594494649702,192822.6954308499
2.7,17,145,145,56,182325,239.12317308990083,205646.44284058257
3.6,5,45,45,60,145325,77.67778108741042,159195.71837170166
6.8,13,110,110,42,172325,262.502839313258,233879.50745243754
5.5,5,40,40,48,141325,83.04449104123889,164657.1560507511
5.7,13,115,115,84,175325,244.69502345838126,225555.16903828483
3.3,5,45,45,80,120325,71.59709343071705,160085.56675181448
5.3,13,110,110,78,167325,226.10350423060748,216357.78435534888
5.6,14,125,125,40,140325,259.1991742887597,231525.64836849662
5.3,6,55,55,44,141325,110.83877702530148,171035.1043357352
2.1,6,50,50,64,152325,74.24058966591095,166854.71310583086
4.9,5,40,40,70,199325,83.05919628641846,162650.73369374537
3.5,9,80,80,80,153325,135.8500406983577,173639.5522462882
6.8,11,95,95,68,197325,313.61706809880167,212932.659743473
1.6,6,50,50,54,130325,69.04739964607623,169619.56115258532
1.7,9,75,75,56,175325,109.40660184245733,172589.21935679507
4.8,11,95,95,58,154325,186.2187313479224,198275.29110790743
5.4,6,50,50,70,140325,100.79568307445807,171070.33738021465
2.2,11,95,95,50,116325,138.49806872487463,175165.0788375726
5.9,5,45,45,52,193325,138.47173385805806,163723.5929771756
4.6,17,145,145,86,171325,279.3082229091111,229999.35125298638
5.1,16,140,140,82,182325,285.91399232341405,235899.802423252
2.7,8,70,70,84,110325,102.96649340252172,165574.02502044503
3.2,5,45,45,44,117325,72.94314951752398,159762.5379320363
1.8,6,55,55,76,138325,76.47205505216733,166562.91960416723
3.2,15,135,135,68,186325,232.7256139270352,210569.2522487597
6.6,10,90,90,56,125325,194.608865358891,209729.95272238395
6.3,15,130,130,50,114325,272.2423607768153,240076.10010708513
4.5,16,140,140,62,165325,269.6401190043787,224486.45644082595
3.7,7,60,60,56,124325,102.39592515299854,167057.75556409312
3.8,13,110,110,66,181325,201.68111481804212,197181.53836285078
3.7,10,85,85,44,103325,141.90078184231277,185442.21726839742
5.3,12,105,105,82,143325,207.7794388932352,214300.75234935008
3.0,10,90,90,66,178325,150.97637777113158,180175.66744096062
5.3,6,50,50,40,139325,101.8895048308747,170320.04951716753
1.4,16,140,140,66,121325,184.17489601562195,196637.1854843294
5.2,16,140,140,58,116325,268.18348276967885,231969.01034394052
2.1,15,135,135,72,132325,193.87663697069277,192282.6214443809
6.4,7,60,60,46,164325,137.00079922805006,184167.92510282138
6.1,13,115,115,86,138325,240.22465885241198,224743.7315089597
1.5,3,30,30,54,109325,39.806030825077066,152468.1311357446
5.9,8,70,70,74,179325,153.3681031189372,190485.81394498612
3.2,5,40,40,64,186325,69.62992764402088,162403.08198462534
1.9,16,140,140,76,129325,195.0824494233816,195995.75818399995
6.1,9,80,80,64,199325,250.28189398802883,191907.93093184882
4.6,6,55,55,80,153325,103.40388202411353,167764.44072120122
4.1,10,85,85,86,110325,143.62971167388812,187951.95965731904
1.9,14,120,120,42,172325,181.28598674551031,184074.85277043356
1.1,11,95,95,48,198325,181.05031820712486,194044.44060945863
6.7,7,60,60,78,155325,135.89565325824515,183006.33056165697
3.8,7,65,65,40,133325,114.054198547871,169312.08051192528
1.7,14,120,120,54,152325,171.5962962530415,180888.4445670711
2.3,14,120,120,64,133325,178.25315957100483,188561.45846641646
5.0,12,105,105,68,139325,203.47922043586058,208023.27534246008
4.4,9,80,80,68,123325,143.41944403937933,185521.45092316545
3.0,5,45,45,72,149325,72.72708630259284,157711.57441730556
2.3,14,120,120,84,103325,167.463189781352,193316.41506995814
5.0,8,70,70,64,124325,133.03186711615214,184067.43738109677
5.8,7,65,65,54,162325,139.1380516108813,183491.98815446536
3.3,13,115,115,64,151325,193.72681709490053,192432.53299042914
2.6,9,80,80,42,190325,182.1630719218837,168536.57246325494
5.1,6,50,50,46,199325,107.03858244274461,169417.7288300701
4.2,4,35,35,70,106325,59.93515866603661,162610.4773796785
1.5,4,35,35,54,141325,48.30000593359911,167853.57981314874
3.1,9,75,75,64,143325,123.06987011914133,169407.03435310058
1.2,13,110,110,42,178325,153.2194917651081,190609.83099459583
3.6,6,55,55,80,181325,97.15441841264413,163601.20825850975
3.0,4,35,35,66,195325,81.9143468353862,160760.8633438108
5.8,14,125,125,66,138325,258.1605346638436,227800.77384162295
5.2,5,40,40,44,144325,81.53537266723318,163278.0367226195
5.9,5,45,45,44,195325,139.4284787845203,163658.90086338916
6.6,6,55,55,40,164325,126.78036977145287,180265.1124554237
4.1,16,140,140,54,113325,243.6598625263404,222410.6521829813
4.1,15,130,130,44,128325,233.5382491017405,214793.15317060542
4.9,10,85,85,74,125325,159.72532376039428,195646.18394663866
3.8,13,115,115,76,167325,205.30925433494335,199775.38215936674
1.4,15,130,130,76,171325,177.9539783255026,187016.55844796787
1.7,6,50,50,72,174325,71.64416972432196,168978.604174941
2.0,11,95,95,72,129325,134.56687631230068,177510.05371335085
4.4,14,120,120,66,136325,220.44979563892974,212716.59404667412
1.9,10,85,85,62,168325,125.43845950542634,171266.75751771434
5.9,15,135,135,68,135325,279.08854680073455,236203.35683156934
1.6,13,115,115,72,184325,164.1344814178769,180830.51744562585
6.8,14,125,125,80,112325,264.1927349022145,242987.15181917834
4.2,15,130,130,52,118325,230.6981731060393,217305.69803630025
1.5,5,40,40,66,166325,55.84155825356264,171062.83889352443
5.7,9,80,80,66,140325,164.482930591879,198337.68570245503
1.1,3,30,30,52,121325,38.70539221674434,159837.5565125264
6.8,17,145,145,78,171325,338.15153472206987,263058.23882165866
4.5,14,120,120,66,189325,237.03606047873092,214245.77751980358
2.8,15,135,135,72,125325,207.24895112819357,198341.44886495706
3.8,7,60,60,58,158325,107.85757936988449,165737.5931849083
1.3,5,40,40,54,131325,53.31754218874107,173805.7969510896
4.4,17,145,145,56,175325,281.76299141311955,226492.07873710096
5.1,4,35,35,58,161325,70.93671814465823,160047.51277883706
1.1,10,85,85,80,130325,106.91834839891585,195701.51936781875
6.9,6,55,55,44,194325,183.3604315730044,175582.41607035795
4.9,5,40,40,44,151325,80.18582909998518,162577.7589602849
2.3,16,140,140,84,161325,210.08060787325064,195957.95779913047
6.7,7,65,65,82,106325,133.737944753422,189414.64771782493
5.8,6,50,50,62,137325,104.29517961576583,167843.61979273276
2.4,11,95,95,58,147325,145.8563750165633,176261.2431454827
1.3,15,135,135,66,184325,186.6725725567965,191362.01356620085
3.7,5,40,40,68,180325,72.68410886743249,158645.7636442649
3.4,7,60,60,60,179325,105.87266792244918,163844.20577739447
4.5,10,90,90,56,178325,176.22514821025263,192415.18577038025
5.3,15,135,135,44,165325,281.364120622041,232356.51880927573
3.6,3,30,30,84,131325,49.307834019315074,155557.4442228585
3.0,5,45,45,46,190325,106.4862612907527,162189.17336075573
1.8,5,45,45,86,165325,63.68733535985815,164201.35709616865
1.6,4,35,35,40,184325,51.63619652164774,165027.0090168776
1.8,5,40,40,44,109325,55.765098552163096,166387.81006067747
4.3,7,65,65,82,145325,117.32576967677971,171239.60446452984
3.1,16,140,140,52,145325,232.04804335397685,204566.58337620448
4.6,11,100,100,60,103325,177.00846679053222,200613.88971269407
2.3,11,100,100,82,121325,143.16890268630686,178809.90114580694
3.0,6,50,50,56,187325,85.68496558931389,164436.62318868085
6.9,15,130,130,48,164325,307.43838991115945,250919.71041747773
6.0,15,135,135,42,160325,296.1669527920962,242145.49991778706
1.8,4,35,35,58,160325,50.82889774921494,162663.8832665081
3.1,5,40,40,82,163325,66.20248093178996,161771.62633269638
4.1,15,135,135,70,196325,351.6678187211697,206024.89641145058
3.7,5,45,45,76,140325,76.86314923776739,159491.7078135201
3.0,14,125,125,58,185325,212.71763525690548,201224.3184318092
2.2,9,75,75,72,195325,116.45810531709526,171661.41590270412
6.5,11,95,95,48,172325,220.29393189616962,217948.81138006726
2.1,17,145,145,42,178325,225.4813624337408,199735.28855809045
2.7,14,120,120,82,177325,192.16492966396777,193021.76595814535
1.6,7,60,60,62,121325,81.2372285121639,166533.32152247842
4.1,14,120,120,58,143325,217.87368709263214,206469.51298054156
1.8,14,125,125,86,190325,248.45550955540213,180875.5194395783
5.0,12,105,105,40,108325,197.69273700407416,208370.4445294085
1.7,8,70,70,50,190325,104.04296184885726,173034.12623031525
2.9,9,80,80,84,184325,131.44826988665312,175017.2781943364
5.7,9,75,75,50,188325,166.66482775667072,193611.0431942954
5.0,14,120,120,72,104325,219.54388828570399,220626.38051605673
2.7,16,140,140,42,165325,229.58342678786204,202277.1791031274
5.0,10,85,85,46,175325,175.5624351562372,193389.7040533571
1.2,5,45,45,42,132325,60.1038908076639,181555.73325874063
3.3,14,120,120,48,194325,214.74596924735428,203347.60129037956
2.2,5,45,45,82,156325,66.47499133404817,160610.1413848254
2.4,6,55,55,72,113325,79.53081721897861,164357.81628018248
5.5,15,135,135,42,156325,283.16874603191116,234478.05453354097
6.1,9,80,80,56,173325,178.544247097131,200586.88377174496
1.9,11,95,95,76,171325,138.5050961955978,174732.42513445028
2.5,3,30,30,74,129325,44.52243441747485,160128.52712807263
1.6,9,80,80,84,163325,110.48199588712235,172858.97688228046
3.9,6,50,50,68,183325,92.7279873938281,162281.6434988049
5.5,6,55,55,44,192325,164.12089316856958,167592.73084216248
4.1,16,140,140,68,183325,263.7855804063086,220370.475970205
2.0,14,120,120,42,118325,173.05034755545395,184648.66675270174
3.2,10,90,90,42,193325,218.70325379827204,177647.05883142437
2.0,7,60,60,86,173325,87.77565372794946,167217.95774862074
4.8,15,130,130,84,162325,252.34410295904317,222887.47134594317
4.5,11,95,95,54,194325,260.30939777150985,189588.42199613294
6.8,5,45,45,52,122325,98.46207819866312,168774.31681755223
3.8,16,140,140,52,129325,243.27359679137416,216144.97787588957
5.2,10,85,85,66,137325,167.8660871979989,197974.38095117582
2.6,13,115,115,80,101325,165.63944424170018,189585.2596421771
6.8,11,100,100,76,148325,224.3826436904259,220082.43293717125
1.3,5,45,45,66,182325,62.11895631230377,175203.16632408774
3.7,11,100,100,72,142325,171.71269181920383,188791.56678935944
6.3,17,145,145,64,156325,321.84219530615803,256632.86496747797
5.0,6,50,50,44,162325,102.0682148922642,166907.5322661161
6.4,7,65,65,40,165325,147.52952819048545,188479.04551926712
1.4,9,75,75,64,187325,105.4825209954227,173880.18058984028
1.8,5,40,40,64,185325,59.129980454554286,167917.11411267114
3.3,5,40,40,62,117325,65.00385625359606,159119.05053838316
6.3,5,40,40,50,140325,88.29825297199534,163134.81080757393
3.3,9,80,80,56,149325,135.33326445426388,171205.15422805471
1.4,6,50,50,70,127325,65.94463477042949,173109.77752630028
4.9,15,135,135,84,154325,260.7149852051373,227121.07558014008
2.8,5,40,40,84,177325,64.8393764539068,161287.31007444047
1.1,14,120,120,74,129325,151.94387036941427,203415.9650336676
2.4,6,55,55,52,156325,85.56365333430466,162888.68856804105
3.3,15,135,135,44,103325,216.13538022395957,210133.06579055957
2.0,9,75,75,52,168325,113.18295083290457,169258.2064568124
4.7,5,45,45,42,102325,81.38308083821107,162072.82514280922
2.9,13,115,115,76,181325,189.8609202710587,193812.14990119392
3.5,14,120,120,54,178325,214.73662039157261,198676.23417422944
4.7,5,45,45,70,144325,85.1634461930503,162326.73040409185
2.0,13,110,110,62,140325,159.61375108926032,183514.21048329992
3.0,12,105,105,66,125325,165.7935815167241,185461.696891184
1.1,9,75,75,44,184325,103.35941549533635,193453.43617193785
6.0,14,125,125,44,188325,387.82541933633513,223355.22705954913
2.1,5,45,45,72,120325,63.64988209376884,161723.08651099418
3.4,7,60,60,46,186325,107.82437777086791,168993.20802746844
5.0,16,140,140,50,122325,267.946447472862,235258.84088591137
3.5,4,35,35,52,174325,62.38801978608075,156952.00490235447
5.7,10,85,85,44,167325,184.71986758745712,200729.58140214675
1.1,11,100,100,42,141325,133.1654403695052,195520.6756898652
4.6,16,140,140,52,145325,267.3261238460049,225360.04313348018
5.8,10,85,85,44,115325,172.7978611690288,199213.54610760778
2.4,10,90,90,60,149325,137.99186551701447,174420.44933506736
4.9,17,145,145,60,169325,291.951443167811,233729.80640784354
1.9,9,80,80,72,108325,108.90770443544935,169248.93510638818
5.0,6,55,55,84,191325,152.94611825264926,165501.54467352506
3.7,10,90,90,76,136325,152.90050388872194,184287.52897359416
3.5,8,70,70,54,158325,122.40875314168188,168434.41404584268
4.4,9,75,75,58,151325,141.78820693997125,179426.5816050341
1.5,14,125,125,68,166325,174.09979889125734,182147.0659546857
4.9,16,140,140,78,115325,257.14652478935426,228289.30921725844
4.6,13,110,110,46,113325,201.95425802240914,211323.44541882447
6.0,4,35,35,86,150325,73.91357096908804,163535.51014807136
1.2,4,35,35,44,198325,67.88540474167839,149085.8066989198
2.0,11,95,95,84,117325,130.74347801902067,173363.39052212815
1.6,8,70,70,82,117325,92.09474249866032,167916.77158408883
6.7,11,100,100,58,168325,231.33248921577191,224449.28380021753
1.9,5,45,45,42,107325,63.15972239710635,162819.51327348675
2.4,9,75,75,78,148325,113.14754759676137,169158.41757039682
6.7,17,145,145,78,139325,321.12243827618,255123.7549955
6.3,9,80,80,60,162325,178.45894564572376,202332.73181610793
4.5,9,75,75,76,128325,136.71869317569804,183735.4743397565
4.8,15,135,135,74,186325,270.4211808569624,229483.767747878
4.1,14,125,125,54,196325,329.7886124007351,202413.74033017675
3.1,13,110,110,80,138325,176.55051146849627,189324.15070604158
5.1,17,145,145,52,134325,285.4403426796171,239357.5060255207
6.9,11,100,100,70,188325,326.7676399092965,217433.872059969
4.1,5,45,45,66,192325,117.11669320525402,159612.12616755476
5.0,12,105,105,74,119325,196.43929121394603,205587.80693188196
1.6,16,140,140,86,175325,195.10829567970575,193247.34143356656
2.7,6,50,50,58,183325,82.46303158898792,163347.33197416784
5.2,3,30,30,66,105325,54.99387959658465,157631.54607030647
5.1,11,95,95,46,150325,191.70365038848004,201414.9494847586
3.6,17,145,145,74,161325,253.14735020649616,213696.78209159986
6.7,17,145,145,72,166325,334.67762477801017,260856.2970407361
6.3,15,130,130,86,151325,281.94928307868827,245844.15525545445
4.7,16,140,140,52,188325,283.6434732529035,230157.28040658633
1.4,10,85,85,52,137325,115.67213140718961,177165.27644441611
3.6,3,30,30,62,117325,49.23857686510773,157121.41263624615
6.1,17,145,145,40,190325,334.6929560525843,254881.26051432829
6.0,15,135,135,76,141325,282.3258256982283,237598.3408890416
1.8,3,30,30,72,112325,40.469646668218246,148450.68869675603
1.9,13,115,115,74,187325,170.46314334556743,183080.0422941909
3.0,12,105,105,40,192325,250.49500473331105,183801.71058801556
6.6,7,65,65,62,116325,137.15347471249672,187247.16572773104
5.3,12,105,105,54,186325,223.4108204048901,213712.08678397056
4.4,13,115,115,50,198325,313.731526831772,198536.0086758662
2.0,14,120,120,80,104325,162.95994988151097,188152.80065391414
3.3,4,35,35,80,172325,59.56222239031982,156579.2872909389
1.5,12,105,105,48,198325,210.7072898048089,177309.47835907305
4.8,14,125,125,44,186325,255.8646753524488,221636.65804162004
2.8,5,45,45,62,131325,70.3146923571318,158598.2586090554
1.2,6,50,50,42,189325,70.24452151079402,182622.03694150722
4.9,5,45,45,54,169325,90.49102443004429,163614.42145013166
1.2,11,100,100,68,189325,187.74921997257607,184445.35781895078
1.3,11,95,95,74,106325,120.03327612585183,181524.8693849817
5.1,6,55,55,52,161325,111.35535618958403,170441.39500261997
3.9,8,70,70,74,155325,124.74793277308467,171273.2787516143
1.3,10,90,90,56,118325,117.91327317909789,178990.47334130836
5.1,14,125,125,60,106325,232.39825201991096,224005.03963382568
6.0,10,85,85,58,165325,187.15794632122723,203965.38324199338
1.9,7,60,60,52,189325,91.13425663760614,167460.16848588287
4.4,11,100,100,48,145325,187.428086098687,196732.91529071156
3.5,9,75,75,42,177325,135.5936747950638,171026.38939485268
1.2,3,30,30,46,168325,41.34762182097804,162682.71551566708
6.6,7,65,65,86,117325,135.2506138906878,187579.5937541134
6.8,6,50,50,46,120325,110.68993039869288,174041.71706948223
6.8,5,40,40,74,192325,96.57525782085084,169910.40068413693
3.6,7,60,60,64,103325,97.46385110113636,169221.65695722908
1.3,6,55,55,84,134325,70.96403106701486,179169.56319438087
4.2,7,65,65,72,151325,118.13664723572981,170608.8146563056
6.6,16,140,140,46,120325,303.26241957444125,250288.26316415696
1.4,11,100,100,56,177325,140.75526356685526,181174.17820787095
1.2,5,40,40,40,194325,56.4958585634301,181579.75495666882
4.7,5,45,45,58,121325,83.07928977323458,164173.8725168766
2.3,13,110,110,48,181325,174.58533448387513,181292.48255779134
3.7,10,85,85,76,160325,149.49781781992922,179294.82433247237
1.3,4,35,35,60,161325,47.733053045318876,173638.69154425
1.7,6,55,55,68,194325,110.47646683367849,167990.19299009148
2.7,14,125,125,54,160325,201.57142194830857,194801.10743380137
4.4,6,50,50,84,169325,94.64451342407737,164266.93869920398
1.3,14,120,120,44,149325,164.66632286600873,188838.34382194543
2.0,5,40,40,62,131325,57.536901227487974,165099.60406046247
6.7,9,75,75,40,106325,161.24670562102165,202119.48565025933
5.4,9,75,75,58,127325,149.56218436274645,186477.18140487178
6.6,11,100,100,48,106325,209.5661707137153,220119.3866973183
6.7,16,140,140,62,129325,307.1556407551528,251092.54737704212
1.2,13,115,115,44,134325,153.5758082517505,190288.39819363275
4.9,13,115,115,70,134325,218.76090706158342,215731.1322219133
4.2,11,95,95,50,182325,183.1681734125443,192377.61588702796
6.7,3,30,30,52,121325,63.93531683703458,157659.64458126304
5.4,6,55,55,40,166325,115.76281341103413,172172.15123369728
6.0,5,40,40,58,145325,86.41187594551319,166861.04206037297
4.4,10,90,90,58,172325,173.21795161667436,190776.25782580554
3.0,10,85,85,50,125325,136.46087756922387,173653.82326330038
1.8,15,130,130,80,103325,172.2517428649224,194507.15560081982
4.2,13,110,110,72,117325,192.1914698672601,205386.68853626744
5.5,5,40,40,72,124325,79.63405147323363,160396.57305870013
3.1,6,50,50,46,127325,81.69334244618214,160506.3966178142
1.1,6,55,55,72,176325,73.09811230923154,188500.00931171892
2.4,5,40,40,60,147325,61.47581540448877,161538.28632422394
3.9,7,60,60,44,192325,114.12996177223027,167764.86103102393
4.9,5,45,45,74,151325,87.22378351305656,163333.79332393597
6.5,5,40,40,82,109325,83.4252837980825,167200.45274250544
2.7,17,145,145,72,163325,231.15976630989692,205111.05794862026
4.6,15,135,135,68,112325,241.5687085730035,226641.47887293904
6.4,9,75,75,74,150325,165.8532372418119,194986.25580920465
3.0,13,115,115,64,166325,191.03719544325995,194224.02113329718
3.4,13,115,115,84,156325,193.3695227292358,194130.36571142628
3.3,14,120,120,48,115325,195.86979417257356,199000.48904946772
1.5,3,30,30,78,195325,58.23290732239006,139698.47708190486
3.9,5,45,45,44,169325,83.27251554595426,160505.5882261341
4.1,10,85,85,68,137325,151.98388277744874,185639.90724759258
1.2,7,65,65,64,176325,88.35998439875394,181118.48907248865
1.6,13,110,110,52,103325,147.22068545467405,181420.3278076359
1.5,15,130,130,84,179325,179.90473711935786,191408.2794855351
6.3,15,130,130,66,197325,413.0848474887204,230607.98359820736
5.4,9,75,75,58,159325,156.36836591981876,191383.16914389242
3.0,7,60,60,52,110325,94.05868649277275,163385.33070361652
3.9,9,75,75,86,197325,138.9859050844025,176284.70584230416
2.7,13,110,110,58,183325,181.30902943969545,187509.4562402249
1.8,6,55,55,86,151325,76.70400932656312,165402.6461945712
5.3,7,60,60,76,192325,126.87097951484951,176999.86036652038
6.9,13,115,115,80,141325,257.65891220009155,233924.20661106418
6.6,5,40,40,50,125325,88.28099257245609,164790.05071926233
3.4,15,135,135,70,150325,227.95437664348864,204892.1193707886
1.7,14,125,125,48,106325,170.3984084364346,189449.03073536674
6.4,11,95,95,52,119325,202.06339254231233,213045.54575006774
6.5,6,55,55,80,141325,118.95002738851508,175943.82036311936
6.3,17,145,145,52,137325,315.6569449029046,248951.65965759452
1.1,6,55,55,62,144325,71.81630983015023,191065.31841296837
6.8,7,65,65,68,170325,150.54650927671582,193315.76783119972
2.6,8,70,70,56,144325,109.60818181198732,168560.55394042452
5.1,6,50,50,46,104325,94.38631084653507,167580.81295608872
2.8,7,60,60,72,108325,90.13862303553057,163789.43425907957
5.4,6,55,55,86,112325,103.49444189400936,169572.2217556426
4.1,12,105,105,54,199325,278.25421400376547,191123.20919341972
5.2,8,70,70,86,130325,134.3158073620691,185876.81676806603
2.1,7,60,60,42,144325,90.20009235707317,163962.30784550568
5.1,17,145,145,66,125325,278.75458416296584,240433.25311302426
5.0,6,55,55,84,173325,109.50112957787798,170985.65930706065
2.8,11,95,95,84,115325,142.39756929231945,178203.99036468263
2.2,6,55,55,50,139325,82.30873766449035,163507.6460781644
5.0,10,85,85,58,152325,169.39236005406732,193056.4714884054
6.6,13,115,115,78,161325,259.4692302364556,235722.87757900436
1.9,5,45,45,70,144325,64.18152666355344,164074.0172414417
6.5,13,110,110,46,188325,260.7893329931805,232511.638361862
4.8,6,50,50,66,114325,92.27924657166152,168864.54174825436
2.0,17,145,145,84,199325,298.528779263927,190860.41316065204
6.0,12,105,105,82,136325,217.8551515266626,216024.4707826347
3.6,17,145,145,40,163325,260.85619875183164,213125.54094019963
2.5,13,115,115,60,196325,256.30658679881196,182089.15375963968
4.3,16,140,140,80,125325,247.43772488505067,224494.34245874718
4.1,6,55,55,84,193325,141.05724592461632,162715.78383247115
3.3,3,30,30,86,156325,49.41063645880643,155386.63884739295
3.9,12,105,105,52,169325,193.5658719907954,194544.79489707612
6.4,9,80,80,70,194325,254.0092124163427,194649.94986643936
4.7,6,50,50,82,160325,96.45285817865843,165666.2013582244
3.2,3,30,30,74,110325,46.40651947819428,156605.34145040356
2.7,13,115,115,82,183325,185.01716624373034,191069.44426095352
5.9,4,35,35,80,120325,70.29598709017822,158562.54541051947
2.3,7,60,60,50,107325,87.34399328496986,166557.30700031697
4.2,6,55,55,78,136325,97.6031342817065,165463.18779008358
4.3,14,120,120,78,126325,213.20734948939048,212239.89863502185
3.8,14,125,125,72,187325,228.60921179191396,208084.90896582947
6.7,16,140,140,46,155325,322.2957331406015,247836.07925219214
3.2,5,45,45,52,106325,71.21608260395378,160113.3171327476
3.0,5,40,40,76,109325,61.46686470193084,160122.32857950716
1.5,12,105,105,66,163325,146.159105522618,175659.18099176744
4.6,17,145,145,54,111325,263.4858173114639,236752.39077698378
4.9,15,130,130,82,136325,246.29390178973682,227008.2441369607
1.9,12,105,105,40,145325,154.69994992787025,177275.5845824245
5.3,13,110,110,42,123325,218.2022627849832,212197.55543591199
4.5,11,95,95,82,115325,168.19711414756483,199560.79715463458
1.3,9,75,75,60,168325,102.8982557967406,177913.15946490265
5.6,12,105,105,42,178325,228.77957385977214,215875.99526896354
4.6,11,100,100,78,184325,195.51323140883994,202446.17892316545
2.0,3,30,30,48,141325,43.989701952414286,162307.25797478296
3.1,3,30,30,48,180325,70.48796725575917,143833.32449044765
4.8,7,65,65,48,171325,129.9918199029507,175225.1157529281
4.3,10,90,90,54,178325,173.2886982293159,190098.33024544315
5.2,3,30,30,52,145325,59.32142539737751,158349.22259179418
5.9,4,35,35,66,124325,71.46914055145325,158405.09995534943
4.2,14,120,120,52,177325,229.9567832146947,208373.88322465363
6.1,12,105,105,40,160325,233.26909184913467,220804.55318962605
1.2,5,45,45,40,162325,62.00243353857558,178190.68495740893
6.2,9,80,80,60,182325,181.43475537208238,202764.88007723182
5.8,11,95,95,54,152325,202.5504735734294,211715.519488643
2.2,7,60,60,50,130325,89.065530613728,164313.21557006412
2.1,14,125,125,52,101325,175.91201281625254,192094.00165687574
4.0,10,90,90,70,180325,166.7856782431745,187126.7774744256
2.0,11,95,95,78,130325,133.84024143862933,177517.7765377368
4.6,10,85,85,48,173325,168.85407030087396,189059.81891523904
5.7,14,125,125,76,118325,246.27758546075935,228195.75335187276
5.4,15,130,130,60,156325,268.47449283075844,233117.55456101455
4.2,17,145,145,68,139325,262.3231541686659,225068.2957479704
4.0,16,140,140,40,159325,259.9278811830523,216353.68690926326
5.4,10,90,90,42,174325,191.40414243550603,201670.67021683077
3.4,5,45,45,60,164325,77.90067079123664,159044.1976224078
1.9,3,30,30,70,156325,43.24845230513987,162402.41977510683
5.3,14,125,125,48,134325,249.51157791601847,228007.46137511634
5.3,9,80,80,46,134325,159.99011171748577,194296.51155140076
4.4,13,110,110,40,151325,210.4244531084164,203683.2191481978
1.6,13,110,110,56,149325,154.6323250367247,181672.04968929617
4.7,6,50,50,52,122325,93.66862857275588,167803.15017408642
2.0,3,30,30,62,192325,62.66487434315862,145652.3837511842
3.7,9,75,75,44,141325,132.56053601917975,174000.57792060595
2.8,6,55,55,64,176325,90.21555444896696,165104.01236179567
1.9,8,70,70,48,154325,103.28649713972945,167836.88138921943
1.3,13,115,115,82,165325,153.45747132040123,185850.2509055441
6.0,15,135,135,64,170325,295.8898287952472,243217.75662033178
3.7,3,30,30,64,179325,73.65734122415897,139743.0692321638
6.8,14,120,120,76,113325,256.3958628390997,239562.2979077917
4.9,8,70,70,64,132325,133.53039496800284,182705.14459728997
5.2,13,115,115,68,197325,332.4118670327788,207947.165535171
6.2,3,30,30,80,189325,91.26927758253818,157633.57474144598
3.2,13,110,110,84,178325,186.06777517689343,194891.68753508324
1.6,15,135,135,62,186325,195.09742875764192,189543.39542274605
2.0,6,50,50,56,179325,75.92616814844298,165517.40115205766
6.6,7,60,60,54,126325,131.05671590110023,182519.73023499295
2.3,7,60,60,80,195325,128.17460652302918,167141.6975182756
1.9,11,95,95,74,146325,135.32322409513569,174421.44212630604
6.0,15,135,135,56,167325,296.27224722632445,242575.4285636934
2.1,14,125,125,52,197325,268.3339285222119,183732.34711733463
3.5,14,125,125,56,143325,214.00397165531763,200772.59585056038
6.2,17,145,145,86,154325,313.91859952503023,255826.65010612176
1.2,9,75,75,64,156325,100.01156194967301,181060.29713534075
3.8,15,130,130,60,108325,217.49838095946586,213036.94486182588
6.8,9,75,75,46,142325,171.94137934915256,198161.92584415688
3.7,5,40,40,70,195325,73.64287550394793,159210.02513891767
1.1,6,50,50,62,132325,64.43830689311426,192324.4744545855
5.5,13,115,115,84,120325,222.6606139717384,218639.7000183375
6.9,13,110,110,86,110325,234.3124845940782,233500.63318667962
6.3,10,90,90,40,123325,191.57232768841044,206620.66213006526
5.2,6,55,55,72,118325,104.00986845975184,168048.12651941387
4.9,10,85,85,58,111325,158.02246317526664,190816.83302801955
6.2,11,100,100,40,150325,219.80347568889806,219426.80008449635
5.1,6,50,50,50,145325,100.34732236691801,169281.1937640749
1.8,14,125,125,52,102325,170.58848759622367,191806.43325896442
2.3,7,65,65,58,182325,139.92405924714865,163338.7688642711
5.8,5,40,40,86,190325,88.1326822244331,165283.32625277506
3.7,15,135,135,60,103325,221.12003712714377,214766.13169392405
2.6,10,90,90,84,124325,133.44690353060912,177093.37806557305
6.8,11,95,95,68,197325,313.61706809880167,212932.659743473
6.9,6,55,55,48,107325,117.80085096745933,180133.04219134932
4.0,17,145,145,74,158325,262.4030534551006,219915.6475204358
6.9,16,140,140,48,175325,335.22566012063197,260237.5140117354
1.8,13,110,110,54,126325,154.76163522690914,180510.30168229318
6.4,11,95,95,72,153325,210.25069731871196,218580.5318370179
5.4,5,45,45,76,168325,92.90869653812973,166184.14911001333
6.2,16,140,140,70,127325,293.2888253253414,244768.15898204525
1.6,5,40,40,62,171325,57.068155255483155,167294.53437437254
3.5,10,90,90,60,133325,151.47011656252977,181885.3634199223
2.3,6,55,55,50,142325,83.49447825614034,163846.96506402295
4.9,7,65,65,64,164325,128.59112444411454,175934.28957614023
4.5,6,55,55,76,143325,101.44267887183035,167063.00616583662
2.3,14,120,120,44,118325,178.4070660523733,189492.9583785154
6.0,11,95,95,60,164325,208.25405252635198,212290.90410288933
1.2,15,135,135,40,165325,186.5023249566856,194336.81622603105
6.3,4,35,35,46,190325,81.54579845701674,162798.7754342498
2.5,7,60,60,40,144325,94.41531997742075,165331.86590325602
3.1,14,125,125,54,105325,195.3903973100588,201471.13257027988
5.4,16,140,140,74,131325,276.0912965320657,240731.2868267249
1.5,11,95,95,74,114325,124.24305179038102,179125.92486568654
4.6,10,85,85,72,151325,161.60738861058704,189082.37051786293
4.5,15,135,135,76,197325,363.83416765324404,211291.00812185244
4.9,17,145,145,52,180325,297.22281944521217,234568.17287899507
6.4,13,115,115,68,129325,245.3753233774542,228248.8822746409
2.3,5,40,40,50,111325,58.74543901845529,163135.45477320373
1.9,10,90,90,48,181325,136.18540525682448,173679.0582390413
5.8,5,40,40,82,150325,84.22276854670486,166131.79279154332
5.9,7,65,65,54,140325,136.06090860043847,180499.8805825112
5.0,14,125,125,86,120325,231.4726910816887,225902.05091300528
2.3,7,65,65,48,118325,95.90754125508244,165570.93449055994
2.8,14,125,125,58,165325,204.08081558782956,196528.20344660568
4.0,13,110,110,82,114325,186.12725649329056,203294.20716192393
3.6,15,135,135,64,198325,337.1636077232663,201058.27375444645
6.3,16,140,140,78,131325,295.89522944429507,246029.98194246553
2.0,9,75,75,50,194325,116.0554382987335,170515.09865389005
3.5,5,40,40,42,185325,73.07324136956322,158185.40444926592
3.8,9,80,80,66,177325,145.544146932532,177406.58335230738
4.1,11,95,95,62,165325,176.50974088644023,190467.56681186028
6.7,9,75,75,66,175325,176.1963191312264,202384.23566943736
5.7,6,55,55,78,106325,105.45433498985066,171920.90073103763
1.4,6,50,50,60,165325,69.30601619358555,170029.62060534
2.4,9,80,80,86,162325,121.25078948561448,169640.55822755562
6.3,5,45,45,44,131325,96.80871848526189,166266.81255333737
1.8,4,35,35,64,133325,49.07916501592916,163920.51099470755
5.0,14,125,125,48,120325,238.2323301969284,225117.4904315687
1.6,14,120,120,58,125325,163.97785758957312,186761.01418183665
1.7,4,35,35,80,132325,47.57756867563386,163778.66303747182
2.4,16,140,140,64,142325,212.3587730243923,199365.31571008248
4.6,5,40,40,40,107325,73.46665345232371,159534.89212625232
5.1,6,50,50,62,135325,98.1257017594688,169539.67544438748
2.0,6,55,55,80,155325,79.42116797876427,166092.41048963688
3.5,15,135,135,86,118325,217.13714827735538,210011.924466906
3.6,13,115,115,72,106325,185.87073460508682,201424.31467330942
3.8,10,85,85,56,129325,147.58746498024928,182595.20640763972
6.8,13,115,115,84,195325,374.1148834048515,228305.90520158233
2.2,8,70,70,48,191325,110.721819623157,170891.95561197217
3.7,13,115,115,64,184325,209.09756372191293,199664.447437055
5.7,8,70,70,64,120325,139.95513801378564,184916.461678435
5.5,11,95,95,68,104325,181.43210087324547,207872.12638167772
1.2,5,40,40,66,160325,53.38988339774072,181102.75280725706
5.8,15,135,135,66,116325,268.7601309561451,236453.94937756954
2.8,9,75,75,68,156325,120.5615206125891,170713.8213675026
1.9,14,125,125,68,165325,182.64004907811915,186704.49655956347
6.7,15,135,135,40,110325,289.01630345446983,248659.744856512
3.5,7,65,65,72,174325,113.49995111087199,167179.13256787462
5.7,16,140,140,74,153325,292.10630078408593,244504.26046435663
3.5,7,60,60,84,101325,94.413506156526,168906.1273833806
6.4,13,110,110,64,120325,233.26287811700826,225763.87183591956
5.5,4,35,35,72,162325,72.76911509504366,161021.0333097174
4.3,6,50,50,72,147325,92.1688146999861,163474.9430025299
1.9,3,30,30,70,118325,41.34006746615602,158740.47817282937
6.0,11,95,95,56,127325,198.1311060207492,208264.94499579575
5.1,9,80,80,44,188325,168.501179407551,192172.47018951387
1.4,8,70,70,68,107325,90.28272380556538,173498.1875254501
4.6,15,130,130,52,115325,237.75367280867607,224124.70917573886
2.8,16,140,140,58,124325,217.92294714215922,200955.4180038679
5.5,6,50,50,54,130325,101.27245295076182,166475.2850094971
3.8,17,145,145,66,113325,243.66472598091875,221259.95045712058
4.9,13,115,115,82,158325,223.99019881577883,213978.145577138
4.1,10,85,85,74,167325,156.9947937959706,183814.55217945544
3.9,3,30,30,72,186325,75.14044298770621,154665.02868954642
4.7,4,35,35,86,154325,66.48453068738228,159198.7888501206
2.4,4,35,35,74,163325,53.7905633910852,159394.95074386432
6.6,8,70,70,60,199325,228.739267105842,187793.6891099328
2.5,5,40,40,52,153325,63.05638240241278,161758.2390651683
2.4,14,120,120,52,182325,192.03476987421027,188142.8547153619
2.1,14,120,120,60,175325,182.89762132280228,188079.1817586058
2.8,6,55,55,62,156325,88.4783288097497,164208.40129137321
1.3,3,30,30,50,142325,40.62920319708668,156552.7398176185
1.3,15,135,135,62,114325,174.79445316968463,194436.53815987057
5.3,14,120,120,84,151325,240.30051082374655,225344.18089359062
5.5,3,30,30,56,172325,85.94912193016408,158349.11775232508
5.6,11,100,100,82,112325,192.0396013621177,209081.75264822022
2.7,13,115,115,86,167325,181.31215929166822,190142.00320524254
5.5,3,30,30,48,181325,87.31157417318349,156681.68079406928
1.2,3,30,30,56,158325,40.52472855219083,162482.5183553956
3.1,15,135,135,86,175325,224.041979806657,207759.97031955843
5.8,11,95,95,68,101325,184.6796264521957,211747.24082847786
2.0,14,125,125,86,170325,182.20048568503324,188775.55016067863
2.6,5,45,45,72,131325,68.18523602939591,162941.10925435484
4.3,10,90,90,42,177325,174.59347322994,189790.08565537346
6.2,11,100,100,40,198325,318.59878786210487,207481.77090750265
5.7,9,75,75,42,169325,163.94306199211118,192307.53698191355
4.4,10,85,85,60,101325,148.5088505702154,188833.05018493993
6.4,14,125,125,82,174325,281.25377294201724,242867.8973624124
4.9,13,110,110,58,116325,206.34484426009587,208424.57759759907
2.5,9,75,75,76,135325,112.93301774920137,170153.1015914777
6.5,7,65,65,70,150325,143.0977969613324,183857.55613468683
2.5,11,95,95,86,191325,150.05289311138296,177692.0451700697
6.6,10,85,85,42,120325,185.3541360735442,206395.3083336151
2.9,16,140,140,58,199325,327.6214139902487,199653.23558337413
4.0,6,55,55,82,107325,91.24627051038576,166968.80285105782
1.9,10,90,90,58,186325,135.45990725130437,174220.39369683526
2.4,8,70,70,58,152325,108.01240548575771,167043.5913468736
2.8,7,60,60,72,162325,96.58359623870648,165266.25264415675
1.4,10,85,85,84,127325,110.19912362953099,177228.32304878152
4.1,6,55,55,58,169325,102.4521077936728,165313.61930305354
6.2,15,130,130,64,118325,269.6589925642857,238515.4129747272
4.7,5,40,40,66,178325,80.02713197889143,161066.59285536333
4.9,5,40,40,82,192325,81.76256368963638,162294.55437495097
5.1,11,100,100,56,190325,286.0080589297924,196892.6473462971
6.3,10,90,90,64,176325,203.4684461186885,212047.83050800566
2.8,13,110,110,42,162325,182.03806097854016,188232.31043634654
1.5,11,100,100,54,121325,134.8996623419298,178106.49191015252
5.0,4,35,35,74,119325,65.47976373798201,156661.59389023707
1.5,7,60,60,82,104325,76.68949478178354,172796.49003700577
1.8,7,65,65,68,156325,92.94828107214309,166986.76034104454
6.5,5,45,45,52,164325,102.51598793290513,171075.86456587797
4.1,14,125,125,48,185325,239.20533285530746,211527.16244741372
1.3,5,45,45,40,134325,61.08816605476426,178098.55290732195
5.6,14,125,125,76,195325,370.71692780438565,218964.52836972612
3.8,17,145,145,84,128325,245.31090224898833,219873.1187321739
2.1,7,65,65,40,154325,98.70650558198007,167934.97490280628
3.2,14,125,125,86,112325,193.48516824724538,200749.89633937727
3.1,10,90,90,56,182325,154.5134970042606,181647.83865978027
5.8,13,115,115,82,181325,248.82605550660173,227743.91316459057
2.9,10,85,85,54,154325,139.43934012300113,175406.6251454633
1.7,10,90,90,74,113325,120.26526090574697,173074.95900244493
5.8,12,105,105,84,165325,222.82956874811515,218640.08933792578
4.3,16,140,140,56,115325,248.42551485884152,225162.11250272932
5.4,7,65,65,84,108325,121.37897568070889,178558.5702036422
3.5,12,105,105,68,192325,257.72282479262833,184477.39388496988
3.3,13,110,110,46,174325,193.50273402287633,189741.03602847698
6.3,11,100,100,78,124325,207.77758447996297,215391.05267720032
4.4,11,100,100,76,193325,265.70374336308674,189674.23096358674
1.5,9,80,80,56,171325,113.40445901695202,170464.23223188295
5.9,6,50,50,54,186325,112.43696922874584,172847.7647402388
5.9,7,60,60,80,113325,119.36018748369358,178462.04058830475
1.3,11,95,95,64,161325,128.967198918382,180274.2797708693
2.9,13,115,115,58,178325,192.39695786952524,193272.55826136313
6.4,13,110,110,42,199325,358.9629669331402,220258.02343813406
3.1,16,140,140,82,166325,231.33850555668937,209597.035980279
1.4,6,55,55,86,122325,70.67933618887123,169699.0922994314
2.7,11,95,95,82,183325,152.98530861519865,179469.93630536925
1.8,8,70,70,62,150325,100.21518522145242,167411.7843406514
2.0,4,35,35,66,115325,49.00005131118993,161634.34271198648
1.5,10,90,90,60,194325,177.83773654394145,174219.83241227566
1.1,13,115,115,54,140325,150.9031293624774,201568.98824296962
3.1,10,90,90,52,140325,147.99240003700402,176835.82352956262
4.5,11,95,95,86,130325,171.64381781226155,197693.9316837305
6.5,13,115,115,56,112325,241.86052221989527,230999.92134641664
6.3,6,55,55,64,158325,121.24423932166357,178150.6898633563
6.5,4,35,35,50,115325,74.41788856606018,160376.151694827
5.1,9,80,80,58,149325,159.3878956950064,189880.6497893816
2.6,9,75,75,56,193325,123.66351172069146,170139.78686045253
6.2,15,135,135,66,155325,294.4717951555655,245234.1679512838
5.8,9,75,75,52,174325,165.23951034582066,193616.73809402858
6.6,8,70,70,82,147325,154.73848074253982,191892.43419328172
6.7,10,90,90,54,132325,198.55165946606883,210287.13557203455
5.1,6,55,55,44,161325,111.95000678252394,170357.87779378702
3.1,14,125,125,60,114325,197.05360810610406,198665.6200465273
2.9,8,70,70,62,104325,106.47461962635641,168777.21724762864
6.3,8,70,70,82,141325,149.8519087056523,189390.9711923438
4.6,7,65,65,78,120325,116.50407459802061,175427.6026624406
4.9,13,110,110,66,105325,201.1948292683799,212231.51976117643
2.6,11,100,100,42,118325,153.1988951887138,182793.82124817878
2.0,6,55,55,52,141325,80.53762786536439,165778.16889078496
3.1,6,55,55,70,116325,85.98215882078532,161747.65388301312
6.4,11,95,95,50,197325,307.2456717354483,208902.4861465039
6.5,10,85,85,64,131325,184.84223885188862,204992.28492613952
3.5,14,120,120,82,122325,195.6983873100094,201595.29870470203
6.8,9,75,75,82,191325,179.15480924451842,205374.9337088782
1.9,9,80,80,74,124325,110.99356327475967,171295.82552476425
3.2,16,140,140,60,154325,235.27309620460457,204375.10772829628
1.9,15,135,135,80,179325,197.34813394591103,192175.8300046126
5.6,11,95,95,82,143325,193.09211858989661,210155.8515287493
1.5,14,125,125,86,194325,239.97271231293252,182719.61014073758
5.7,10,85,85,64,114325,168.8413857774859,198653.78099637898
4.8,6,50,50,72,115325,91.99815244417083,168847.38404064364
1.9,14,125,125,46,130325,179.95124647755273,188698.59804388962
6.8,14,125,125,42,145325,285.6719017840293,239512.80204630445
4.6,6,55,55,50,129325,102.325872983617,169039.7569345927
1.6,6,50,50,48,142325,70.39340896410584,169615.61112013695
3.2,14,120,120,46,175325,208.99851683842266,199984.41054193221
4.5,15,135,135,52,187325,366.48927251331605,213283.35571585837
2.6,5,40,40,64,189325,65.32970020103495,161037.01086118867
3.4,13,110,110,54,187325,196.7638203493054,197858.58796745105
3.4,7,65,65,70,155325,110.16892982980573,165589.73294430508
3.5,14,120,120,50,182325,216.29607701091854,198914.87726480188
5.8,10,90,90,68,120325,180.17176427123295,202372.2108568121
1.9,11,95,95,50,110325,132.96276258506703,178754.3645686895
1.5,15,135,135,44,158325,191.45783226332333,188576.4802783176
1.6,15,130,130,78,150325,178.47160343280393,190142.75901005513
2.8,7,65,65,42,122325,102.01655787453653,163187.9449158971
1.3,14,125,125,56,172325,172.95697906766605,188662.91365693853
6.0,6,50,50,62,196325,114.02027013901434,174458.7115418785
1.4,7,60,60,40,178325,85.9185183457296,171603.02747295512
1.6,4,35,35,76,118325,46.43929803607591,163685.21955489327
1.2,5,45,45,58,182325,61.867091535341096,182313.14626889757
1.9,11,100,100,82,173325,145.01944670496346,176775.6105078064
4.6,7,65,65,42,160325,126.6203335910661,173059.86779002633
2.1,7,65,65,76,116325,90.93594707117894,164926.25133010244
4.7,13,115,115,42,178325,231.85184957727552,211955.7482212431
6.3,11,95,95,44,118325,201.21307371082617,211971.9171781888
3.0,17,145,145,84,157325,234.56575110038233,210393.07066250636
2.7,9,75,75,80,146325,116.52800818421599,171574.74337571405
1.3,15,135,135,84,192325,252.6552838564753,186392.61733784588
4.0,5,45,45,64,141325,79.99430028122147,160234.60354491917
5.3,6,50,50,58,196325,107.75469431129841,170320.682605157
6.9,13,115,115,86,123325,249.2120531666005,235017.54618117676
4.3,7,65,65,46,164325,123.55310387542212,171430.88640008654
3.9,12,105,105,48,189325,198.2571174128134,196300.43095777757
2.7,15,135,135,58,116325,205.34955938244732,197356.7118197643
6.9,6,55,55,74,174325,128.7730986154063,183951.19834291723
5.4,11,95,95,66,125325,186.97211975548967,202235.0923671038
2.1,16,140,140,46,168325,214.7459982947141,197296.31778011235
2.3,11,95,95,84,196325,202.2624015189788,175838.53574714466
3.9,6,50,50,82,153325,88.62924315957055,161461.31109429162
6.7,6,55,55,72,175325,127.15246462142368,182486.67403125906
4.4,13,110,110,40,154325,211.20182259516596,203659.62429408418
1.8,13,115,115,44,144325,166.63064586980977,181719.73453333648
3.3,5,45,45,70,111325,71.287749112335,160266.1911727077
4.7,17,145,145,72,132325,270.9172039858835,233966.9681496695
2.9,9,75,75,46,127325,120.08274145921298,168198.26111126217
6.6,7,65,65,66,155325,145.55664242056284,184745.75118889983
5.1,5,40,40,80,104325,73.9350968320528,161559.06535392776
4.0,15,135,135,52,185325,255.00131808767964,216446.76071753778
2.0,17,145,145,82,121325,201.15169498863492,196211.6787394284
6.0,6,55,55,80,119325,110.41588969523058,173064.7676834208
5.8,17,145,145,44,185325,324.1871528959057,248689.76828201764
5.1,15,135,135,82,116325,250.96577499436233,227337.8631644933
5.5,11,100,100,86,188325,289.2872875405824,201395.70187149517
6.4,15,130,130,62,128325,278.81224051342537,239941.39837233434
4.4,7,65,65,78,197325,172.8332241140633,167111.5856883618
3.9,14,125,125,80,192325,315.74492143697444,200267.80804410437
2.3,13,115,115,86,156325,171.21945899661625,183912.5124069006
3.0,5,45,45,86,136325,70.59677862167956,159191.75040230702
5.0,13,115,115,52,126325,220.88231244705736,217908.3508000871
6.1,5,40,40,48,168325,90.28857335730554,165545.52969105545
5.4,11,100,100,74,150325,201.76806892557104,208693.76248102396
5.5,16,140,140,68,170325,294.7540997793044,239637.80287429766
2.2,5,40,40,82,185325,60.98683813524998,164444.60232501756
6.1,5,40,40,48,144325,87.53069150721373,162234.02211003308
6.3,5,40,40,66,176325,91.61028706133854,166784.0177348214
4.5,11,100,100,50,128325,184.35044602438347,200199.66266944076
5.8,13,115,115,62,104325,225.08459674246126,226331.007858615
1.3,14,120,120,52,199325,233.91353120617345,182133.25412882847
3.6,9,75,75,82,190325,134.30519840910765,172962.6372333026
4.7,4,35,35,56,104325,63.07481542267561,158167.39593754083
1.8,10,85,85,60,126325,118.8101005164999,172026.6124522151
2.8,3,30,30,76,112325,44.70059139980612,155910.7915236207
4.1,15,130,130,50,179325,247.4551393919276,213333.41821363338
2.9,16,140,140,54,119325,219.45699687158117,202982.33651515868
3.5,17,145,145,80,158325,248.4135561083754,212176.67932200193
2.2,14,120,120,50,179325,187.52359429519484,189766.604562281
1.4,9,75,75,56,117325,99.38471320495103,177936.08981124265
6.6,14,120,120,58,150325,271.1747561853985,234073.61932903397
2.1,10,85,85,74,156325,125.36161038799912,174689.7725425904
3.8,5,45,45,40,194325,116.28842958924366,158940.4580751953
5.7,10,85,85,52,138325,176.87917340152467,202827.24483091256
2.8,14,125,125,44,131325,198.66601593700403,192614.23270778582
4.8,11,100,100,86,145325,188.61904148844522,202053.97417794733
6.5,11,95,95,50,132325,208.25145543748573,213011.8754825792
5.9,6,55,55,78,152325,115.4787191692949,175202.1830355876
6.5,9,75,75,84,114325,156.7762915989462,198052.1920529619
5.6,6,55,55,58,194325,164.38662826100557,168103.8606219503
2.9,7,65,65,40,121325,103.06296755423567,163867.81925276294
3.6,11,95,95,80,102325,151.67864894877903,191451.23577656274
5.2,14,125,125,70,191325,358.23100880405735,214308.64523754676
3.7,12,105,105,56,109325,174.79468466984784,196062.5953550715
1.7,6,55,55,64,151325,77.67058787031561,165029.66165517666
6.9,13,110,110,80,134325,245.35219753470633,230636.09934650265
1.9,15,135,135,82,131325,187.15871501639597,193552.19744511423
3.4,9,80,80,72,109325,127.44318517926071,176152.30622441584
6.2,14,120,120,62,128325,253.84975553518674,230112.76978888398
5.1,11,100,100,66,150325,197.86703196180625,205129.07357892537
1.8,6,50,50,86,189325,72.4081065016663,169785.71548803608
1.9,7,60,60,56,195325,125.16134142990589,166029.58252695797
1.4,13,115,115,60,179325,161.42535410153593,183119.17048198075
2.4,14,120,120,72,138325,179.8619119569698,189965.73703219698
3.4,11,100,100,68,154325,169.8449282358966,184976.82381729523
6.0,9,80,80,76,184325,177.17680729716452,201485.22254752935
2.8,9,75,75,74,108325,112.6420635201141,170095.16761245564
4.3,6,55,55,46,140325,101.56278182656644,165724.35072561083
4.0,15,135,135,46,196325,354.68503846039624,206336.87898726432
6.7,7,60,60,52,105325,127.25873282648227,187008.5301188201
1.2,6,50,50,48,107325,64.4907628673261,183985.29150721425
3.3,9,75,75,80,106325,117.44145002141248,174121.0623471663
4.2,7,60,60,76,169325,111.88500506391367,168560.14746929612
2.6,17,145,145,70,181325,233.2193776731233,204040.00629124037
4.0,17,145,145,48,140325,261.96368860932745,221584.35886461515
2.0,7,65,65,54,154325,96.30467933698834,167618.02640014456
1.1,10,90,90,62,133325,116.18411424294308,193033.57822079302
1.3,12,105,105,86,192325,195.94571488216997,178687.12915095442
5.0,6,50,50,82,140325,96.52005676663796,169085.45526202678
5.1,10,90,90,82,119325,168.16881184018933,195487.80489918593
6.0,13,110,110,52,103325,221.08678194921845,225789.5234933443
4.6,15,135,135,54,156325,260.3184986564217,222225.47275116388
4.4,15,130,130,52,165325,250.1639117244509,216683.52997883633
6.6,16,140,140,70,147325,311.8450358266129,249366.77961338585
3.3,9,80,80,82,155325,133.18813621128493,171497.72037644498
6.0,13,110,110,50,158325,241.39598507242857,226023.379975616
2.7,14,125,125,46,188325,286.15383791631456,189782.34669168128
4.9,12,105,105,70,180325,212.0205952934613,208269.97661427627
6.7,3,30,30,58,157325,67.42341447347172,156282.75732960817
2.3,17,145,145,42,142325,222.4165663860205,199803.69947561208
3.5,15,135,135,60,197325,334.5670832669932,205885.22906665553
5.4,14,120,120,80,134325,237.27568505037877,227000.17312980624
4.5,7,60,60,40,189325,120.71073001668525,171203.29254797802
6.8,11,95,95,50,170325,224.55226740910499,221043.51625075223
4.1,16,140,140,54,189325,268.25424022532377,221119.4304287335
2.8,7,60,60,44,186325,101.4369490737884,166140.7750198718
3.1,16,140,140,70,127325,223.0880310030867,205708.07484845474
3.7,12,105,105,64,125325,177.92074054670786,194558.08685792374
6.3,12,105,105,76,143325,226.34701902802146,219066.5150537401
4.4,7,65,65,58,127325,117.62115842351751,173270.35563745795
4.6,7,60,60,66,157325,115.37470563464076,170555.08612283363
1.8,16,140,140,64,130325,195.63316066717437,193955.4106453894
6.8,7,65,65,64,196325,212.84036301836773,184316.049267428
2.7,16,140,140,46,192325,321.92298739246627,196721.99001579144
6.2,12,105,105,62,176325,236.64385813201264,223791.2731439779
5.0,9,75,75,48,116325,143.17156368880254,183504.3629150827
1.7,12,105,105,74,135325,144.22153802437663,176874.91246385427
1.7,14,120,120,46,112325,165.40374360535282,186677.663542949
1.6,7,60,60,82,166325,83.30554063918635,169991.7671571075
1.6,16,140,140,82,176325,196.18875053323723,193237.94695216286
4.3,9,75,75,68,188325,145.34933540891853,179403.77652483046
5.6,4,35,35,82,166325,73.23996917183224,161437.17923263676
2.3,5,40,40,84,145325,59.15626294934,161362.74747622557
5.4,10,85,85,58,116325,166.10029049057763,195335.0012226615
5.7,12,105,105,56,148325,220.23855270214654,218396.9168482011
4.9,13,115,115,86,118325,210.6628529750282,218039.97696874267
6.5,16,140,140,86,162325,312.7041094333413,254347.75946902443
6.0,13,110,110,50,168325,244.4309789463825,224288.4372401957
5.1,11,100,100,74,174325,202.73018527612214,206785.49131477522
4.7,11,95,95,68,140325,179.8563628882915,197510.10200350994
6.9,6,50,50,80,183325,119.42025448749725,178688.50159063836
2.5,13,115,115,74,158325,177.72311152735892,186814.3831884714
2.0,6,50,50,74,162325,73.34724458914951,166719.3599831314
1.9,14,125,125,86,199325,253.54038252085866,180726.7009082277
3.9,12,105,105,78,124325,178.85390760340863,197368.1888663999
2.2,13,110,110,74,163325,165.3637003830718,179730.54426317866
4.9,9,80,80,76,102325,143.48492931318165,189626.94733515495
5.8,15,135,135,58,130325,276.60702356266063,234878.93133971933
3.4,17,145,145,64,118325,236.7631601278988,214171.72746789508
1.1,12,105,105,42,118325,136.4640800665684,196115.24951862608
2.4,14,120,120,54,145325,184.59096895231636,189494.47609709084
1.9,10,85,85,64,197325,176.20657689205478,167761.92217018717
1.5,13,115,115,60,162325,160.9809281431814,178428.22933034282
6.3,14,120,120,84,106325,242.32381805003556,237142.78782893825
5.5,13,110,110,40,136325,226.47309263918368,220191.16248478892
3.9,10,90,90,56,169325,165.03110313880086,184858.33121551957
5.8,5,40,40,56,164325,87.25743223600833,165946.54164279415
2.5,10,85,85,50,102325,125.46021884086011,171694.03220083623
1.4,11,95,95,76,123325,123.79426859368533,179833.99574483946
6.7,5,40,40,48,161325,93.80096694914796,169785.62899430472
2.7,14,120,120,58,126325,185.57490259702604,195181.06046299278
6.2,17,145,145,78,181325,326.4364328688181,255779.95129795017
4.2,17,145,145,56,169325,274.73658713642146,222996.07802416224
3.2,14,120,120,46,116325,194.60911047446973,197427.36255763646
